STT,Mã CK,Sàn
1,AAA,HOSE
2,AAM,HOSE
3,AAT,HOSE
4,ABR,HOSE
5,ABS,HOSE
6,ABT,HOSE
7,ACB,HOSE
8,ACC,HOSE
9,ACG,HOSE
10,ACL,HOSE
11,ADG,HOSE
12,ADP,HOSE
13,ADS,HOSE
14,AGG,HOSE
15,AGM,HOSE
16,AGR,HOSE
17,ANV,HOSE
18,APG,HOSE
19,APH,HOSE
20,ASG,HOSE
21,ASM,HOSE
22,ASP,HOSE
23,AST,HOSE
24,BAF,HOSE
25,BBC,HOSE
26,BCE,HOSE
27,BCG,HOSE
28,BCM,HOSE
29,BFC,HOSE
30,BHN,HOSE
31,BIC,HOSE
32,BID,HOSE
33,BKG,HOSE
34,BMC,HOSE
35,BMI,HOSE
36,BMP,HOSE
37,BRC,HOSE
38,BSI,HOSE
39,BTP,HOSE
40,BTT,HOSE
41,BVH,HOSE
42,BWE,HOSE
43,C32,HOSE
44,C47,HOSE
45,CCI,HOSE
46,CCL,HOSE
47,CDC,HOSE
48,CHP,HOSE
49,CIG,HOSE
50,CII,HOSE
51,CKG,HOSE
52,CLC,HOSE
53,CLL,HOSE
54,CLW,HOSE
55,CMG,HOSE
56,CMV,HOSE
57,CMX,HOSE
58,CNG,HOSE
59,COM,HOSE
60,CRC,HOSE
61,CRE,HOSE
62,CSM,HOSE
63,CSV,HOSE
64,CTD,HOSE
65,CTF,HOSE
66,CTG,HOSE
67,CTI,HOSE
68,CTR,HOSE
69,CTS,HOSE
70,CVT,HOSE
71,D2D,HOSE
72,DAH,HOSE
73,DAT,HOSE
74,DBC,HOSE
75,DBD,HOSE
76,DBT,HOSE
77,DC4,HOSE
78,DCL,HOSE
79,DCM,HOSE
80,DGC,HOSE
81,DGW,HOSE
82,DHA,HOSE
83,DHC,HOSE
84,DHG,HOSE
85,DHM,HOSE
86,DIG,HOSE
87,DLG,HOSE
88,DMC,HOSE
89,DPG,HOSE
90,DPM,HOSE
91,DPR,HOSE
92,DQC,HOSE
93,DRC,HOSE
94,DRH,HOSE
95,DRL,HOSE
96,DSC,HOSE
97,DSE,HOSE
98,DSN,HOSE
99,DTA,HOSE
100,DTL,HOSE
101,DTT,HOSE
102,DVP,HOSE
103,DXG,HOSE
104,DXS,HOSE
105,DXV,HOSE
106,E1VFVN30,HOSE
107,EIB,HOSE
108,ELC,HOSE
109,EVE,HOSE
110,EVF,HOSE
111,EVG,HOSE
112,FCM,HOSE
113,FCN,HOSE
114,FDC,HOSE
115,FIR,HOSE
116,FIT,HOSE
117,FMC,HOSE
118,FPT,HOSE
119,FRT,HOSE
120,FTS,HOSE
121,FUCTVGF3,HOSE
122,FUCTVGF4,HOSE
123,FUCTVGF5,HOSE
124,FUCVREIT,HOSE
125,FUEABVND,HOSE
126,FUEBFVND,HOSE
127,FUEDCMID,HOSE
128,FUEFCV50,HOSE
129,FUEIP100,HOSE
130,FUEKIV30,HOSE
131,FUEKIVFS,HOSE
132,FUEKIVND,HOSE
133,FUEMAV30,HOSE
134,FUEMAVND,HOSE
135,FUESSV30,HOSE
136,FUESSV50,HOSE
137,FUESSVFL,HOSE
138,FUEVFVND,HOSE
139,FUEVN100,HOSE
140,GAS,HOSE
141,GDT,HOSE
142,GEE,HOSE
143,GEG,HOSE
144,GEX,HOSE
145,GIL,HOSE
146,GMC,HOSE
147,GMD,HOSE
148,GMH,HOSE
149,GSP,HOSE
150,GTA,HOSE
151,GVR,HOSE
152,HAG,HOSE
153,HAH,HOSE
154,HAP,HOSE
155,HAR,HOSE
156,HAS,HOSE
157,HAX,HOSE
158,HCD,HOSE
159,HCM,HOSE
160,HDB,HOSE
161,HDC,HOSE
162,HDG,HOSE
163,HHP,HOSE
164,HHS,HOSE
165,HHV,HOSE
166,HID,HOSE
167,HII,HOSE
168,HMC,HOSE
169,HNA,HOSE
170,HPG,HOSE
171,HPX,HOSE
172,HQC,HOSE
173,HRC,HOSE
174,HSG,HOSE
175,HSL,HOSE
176,HT1,HOSE
177,HTG,HOSE
178,HTI,HOSE
179,HTL,HOSE
180,HTN,HOSE
181,HTV,HOSE
182,HU1,HOSE
183,HUB,HOSE
184,HVH,HOSE
185,HVN,HOSE
186,HVX,HOSE
187,ICT,HOSE
188,IDI,HOSE
189,IJC,HOSE
190,ILB,HOSE
191,IMP,HOSE
192,ITA,HOSE
193,ITC,HOSE
194,ITD,HOSE
195,JVC,HOSE
196,KBC,HOSE
197,KDC,HOSE
198,KDH,HOSE
199,KHG,HOSE
200,KHP,HOSE
201,KMR,HOSE
202,KOS,HOSE
203,KPF,HOSE
204,KSB,HOSE
205,L10,HOSE
206,LAF,HOSE
207,LBM,HOSE
208,LCG,HOSE
209,LDG,HOSE
210,LEC,HOSE
211,LGC,HOSE
212,LGL,HOSE
213,LHG,HOSE
214,LIX,HOSE
215,LM8,HOSE
216,LPB,HOSE
217,LSS,HOSE
218,MBB,HOSE
219,MCM,HOSE
220,MCP,HOSE
221,MDG,HOSE
222,MHC,HOSE
223,MIG,HOSE
224,MSB,HOSE
225,MSH,HOSE
226,MSN,HOSE
227,MWG,HOSE
228,NAB,HOSE
229,NAF,HOSE
230,NAV,HOSE
231,NBB,HOSE
232,NCT,HOSE
233,NHA,HOSE
234,NHH,HOSE
235,NHT,HOSE
236,NKG,HOSE
237,NLG,HOSE
238,NNC,HOSE
239,NO1,HOSE
240,NSC,HOSE
241,NT2,HOSE
242,NTL,HOSE
243,NVL,HOSE
244,NVT,HOSE
245,OCB,HOSE
246,OGC,HOSE
247,OPC,HOSE
248,ORS,HOSE
249,PAC,HOSE
250,PAN,HOSE
251,PC1,HOSE
252,PDN,HOSE
253,PDR,HOSE
254,PET,HOSE
255,PGC,HOSE
256,PGD,HOSE
257,PGI,HOSE
258,PGV,HOSE
259,PHC,HOSE
260,PHR,HOSE
261,PIT,HOSE
262,PJT,HOSE
263,PLP,HOSE
264,PLX,HOSE
265,PMG,HOSE
266,PNC,HOSE
267,PNJ,HOSE
268,POW,HOSE
269,PPC,HOSE
270,PSH,HOSE
271,PTB,HOSE
272,PTC,HOSE
273,PTL,HOSE
274,PVD,HOSE
275,PVP,HOSE
276,PVT,HOSE
277,QCG,HOSE
278,QNP,HOSE
279,RAL,HOSE
280,RDP,HOSE
281,REE,HOSE
282,S4A,HOSE
283,SAB,HOSE
284,SAM,HOSE
285,SAV,HOSE
286,SBA,HOSE
287,SBG,HOSE
288,SBT,HOSE
289,SBV,HOSE
290,SC5,HOSE
291,SCR,HOSE
292,SCS,HOSE
293,SFC,HOSE
294,SFG,HOSE
295,SFI,HOSE
296,SGN,HOSE
297,SGR,HOSE
298,SGT,HOSE
299,SHA,HOSE
300,SHB,HOSE
301,SHI,HOSE
302,SHP,HOSE
303,SIP,HOSE
304,SJD,HOSE
305,SJS,HOSE
306,SKG,HOSE
307,SMA,HOSE
308,SMB,HOSE
309,SMC,HOSE
310,SPM,HOSE
311,SRC,HOSE
312,SRF,HOSE
313,SSB,HOSE
314,SSC,HOSE
315,SSI,HOSE
316,ST8,HOSE
317,STB,HOSE
318,STG,HOSE
319,STK,HOSE
320,SVC,HOSE
321,SVD,HOSE
322,SVI,HOSE
323,SVT,HOSE
324,SZC,HOSE
325,SZL,HOSE
326,TBC,HOSE
327,TCB,HOSE
328,TCD,HOSE
329,TCH,HOSE
330,TCI,HOSE
331,TCL,HOSE
332,TCM,HOSE
333,TCO,HOSE
334,TCR,HOSE
335,TCT,HOSE
336,TDC,HOSE
337,TDG,HOSE
338,TDH,HOSE
339,TDM,HOSE
340,TDP,HOSE
341,TDW,HOSE
342,TEG,HOSE
343,THG,HOSE
344,TIP,HOSE
345,TIX,HOSE
346,TLD,HOSE
347,TLG,HOSE
348,TLH,HOSE
349,TMP,HOSE
350,TMS,HOSE
351,TMT,HOSE
352,TN1,HOSE
353,TNC,HOSE
354,TNH,HOSE
355,TNI,HOSE
356,TNT,HOSE
357,TPB,HOSE
358,TPC,HOSE
359,TRA,HOSE
360,TRC,HOSE
361,TSC,HOSE
362,TTA,HOSE
363,TTE,HOSE
364,TTF,HOSE
365,TV2,HOSE
366,TVB,HOSE
367,TVS,HOSE
368,TVT,HOSE
369,TYA,HOSE
370,UIC,HOSE
371,VAF,HOSE
372,VCA,HOSE
373,VCB,HOSE
374,VCF,HOSE
375,VCG,HOSE
376,VCI,HOSE
377,VDP,HOSE
378,VDS,HOSE
379,VFG,HOSE
380,VGC,HOSE
381,VHC,HOSE
382,VHM,HOSE
383,VIB,HOSE
384,VIC,HOSE
385,VID,HOSE
386,VIP,HOSE
387,VIX,HOSE
388,VJC,HOSE
389,VMD,HOSE
390,VND,HOSE
391,VNE,HOSE
392,VNG,HOSE
393,VNL,HOSE
394,VNM,HOSE
395,VNS,HOSE
396,VOS,HOSE
397,VPB,HOSE
398,VPD,HOSE
399,VPG,HOSE
400,VPH,HOSE
401,VPI,HOSE
402,VPS,HOSE
403,VRC,HOSE
404,VRE,HOSE
405,VSC,HOSE
406,VSH,HOSE
407,VSI,HOSE
408,VTB,HOSE
409,VTO,HOSE
410,VTP,HOSE
411,YBM,HOSE
412,YEG,HOSE
1,AAV,HNX
2,ADC,HNX
3,ALT,HNX
4,AMC,HNX
5,AME,HNX
6,AMV,HNX
7,API,HNX
8,APS,HNX
9,ARM,HNX
10,ATS,HNX
11,BAB,HNX
12,BAX,HNX
13,BBS,HNX
14,BCC,HNX
15,BCF,HNX
16,BDB,HNX
17,BED,HNX
18,BKC,HNX
19,BNA,HNX
20,BPC,HNX
21,BSC,HNX
22,BST,HNX
23,BTS,HNX
24,BTW,HNX
25,BVS,HNX
26,BXH,HNX
27,C69,HNX
28,CAG,HNX
29,CAN,HNX
30,CAP,HNX
31,CAR,HNX
32,CCR,HNX
33,CDN,HNX
34,CEO,HNX
35,CET,HNX
36,CIA,HNX
37,CJC,HNX
38,CKV,HNX
39,CLH,HNX
40,CLM,HNX
41,CMC,HNX
42,CMS,HNX
43,CPC,HNX
44,CSC,HNX
45,CTB,HNX
46,CTC,HNX
47,CTP,HNX
48,CTT,HNX
49,CVN,HNX
50,CX8,HNX
51,D11,HNX
52,DAD,HNX
53,DAE,HNX
54,DC2,HNX
55,DDG,HNX
56,DHP,HNX
57,DHT,HNX
58,DIH,HNX
59,DL1,HNX
60,DNC,HNX
61,DNP,HNX
62,DP3,HNX
63,DS3,HNX
64,DST,HNX
65,DTC,HNX
66,DTD,HNX
67,DTG,HNX
68,DTK,HNX
69,DVM,HNX
70,DXP,HNX
71,EBS,HNX
72,ECI,HNX
73,EID,HNX
74,EVS,HNX
75,FID,HNX
76,GDW,HNX
77,GIC,HNX
78,GKM,HNX
79,GLT,HNX
80,GMA,HNX
81,GMX,HNX
82,HAD,HNX
83,HAT,HNX
84,HBS,HNX
85,HCC,HNX
86,HCT,HNX
87,HDA,HNX
88,HEV,HNX
89,HGM,HNX
90,HHC,HNX
91,HJS,HNX
92,HKT,HNX
93,HLC,HNX
94,HLD,HNX
95,HMH,HNX
96,HMR,HNX
97,HOM,HNX
98,HTC,HNX
99,HUT,HNX
100,HVT,HNX
101,ICG,HNX
102,IDC,HNX
103,IDJ,HNX
104,IDV,HNX
105,INC,HNX
106,INN,HNX
107,IPA,HNX
108,ITQ,HNX
109,IVS,HNX
110,KDM,HNX
111,KHS,HNX
112,KKC,HNX
113,KMT,HNX
114,KSD,HNX
115,KSF,HNX
116,KSQ,HNX
117,KST,HNX
118,KSV,HNX
119,KTS,HNX
120,KTT,HNX
121,L14,HNX
122,L18,HNX
123,L40,HNX
124,LAS,HNX
125,LBE,HNX
126,LCD,HNX
127,LDP,HNX
128,LHC,HNX
129,LIG,HNX
130,MAC,HNX
131,MAS,HNX
132,MBG,HNX
133,MBS,HNX
134,MCC,HNX
135,MCF,HNX
136,MCO,HNX
137,MDC,HNX
138,MED,HNX
139,MEL,HNX
140,MKV,HNX
141,MST,HNX
142,MVB,HNX
143,NAG,HNX
144,NAP,HNX
145,NBC,HNX
146,NBP,HNX
147,NBW,HNX
148,NDN,HNX
149,NDX,HNX
150,NET,HNX
151,NFC,HNX
152,NHC,HNX
153,NRC,HNX
154,NSH,HNX
155,NST,HNX
156,NTH,HNX
157,NTP,HNX
158,NVB,HNX
159,OCH,HNX
160,ONE,HNX
161,PBP,HNX
162,PCE,HNX
163,PCG,HNX
164,PCH,HNX
165,PCT,HNX
166,PDB,HNX
167,PEN,HNX
168,PGN,HNX
169,PGS,HNX
170,PGT,HNX
171,PHN,HNX
172,PIA,HNX
173,PIC,HNX
174,PJC,HNX
175,PLC,HNX
176,PMB,HNX
177,PMC,HNX
178,PMP,HNX
179,PMS,HNX
180,POT,HNX
181,PPE,HNX
182,PPP,HNX
183,PPS,HNX
184,PPT,HNX
185,PPY,HNX
186,PRC,HNX
187,PRE,HNX
188,PSC,HNX
189,PSD,HNX
190,PSE,HNX
191,PSI,HNX
192,PSW,HNX
193,PTD,HNX
194,PTI,HNX
195,PTS,HNX
196,PTX,HNX
197,PV2,HNX
198,PVB,HNX
199,PVC,HNX
200,PVG,HNX
201,PVI,HNX
202,PVS,HNX
203,QHD,HNX
204,QST,HNX
205,QTC,HNX
206,RCL,HNX
207,S55,HNX
208,S99,HNX
209,SAF,HNX
210,SCG,HNX
211,SCI,HNX
212,SD5,HNX
213,SD9,HNX
214,SDA,HNX
215,SDC,HNX
216,SDG,HNX
217,SDN,HNX
218,SDU,HNX
219,SEB,HNX
220,SED,HNX
221,SFN,HNX
222,SGC,HNX
223,SGD,HNX
224,SGH,HNX
225,SHE,HNX
226,SHN,HNX
227,SHS,HNX
228,SJ1,HNX
229,SJE,HNX
230,SLS,HNX
231,SMN,HNX
232,SMT,HNX
233,SPC,HNX
234,SPI,HNX
235,SRA,HNX
236,SSM,HNX
237,STC,HNX
238,STP,HNX
239,SVN,HNX
240,SZB,HNX
241,TA9,HNX
242,TBX,HNX
243,TDT,HNX
244,TET,HNX
245,TFC,HNX
246,THB,HNX
247,THD,HNX
248,THS,HNX
249,THT,HNX
250,TIG,HNX
251,TJC,HNX
252,TKG,HNX
253,TKU,HNX
254,TMB,HNX
255,TMC,HNX
256,TMX,HNX
257,TNG,HNX
258,TOT,HNX
259,TPH,HNX
260,TPP,HNX
261,TSB,HNX
262,TTC,HNX
263,TTH,HNX
264,TTL,HNX
265,TTT,HNX
266,TV3,HNX
267,TV4,HNX
268,TVC,HNX
269,TVD,HNX
270,TXM,HNX
271,UNI,HNX
272,V12,HNX
273,V21,HNX
274,VBC,HNX
275,VC1,HNX
276,VC2,HNX
277,VC3,HNX
278,VC6,HNX
279,VC7,HNX
280,VC9,HNX
281,VCC,HNX
282,VCM,HNX
283,VCS,HNX
284,VDL,HNX
285,VE1,HNX
286,VE3,HNX
287,VE4,HNX
288,VE8,HNX
289,VFS,HNX
290,VGP,HNX
291,VGS,HNX
292,VHE,HNX
293,VHL,HNX
294,VIF,HNX
295,VIG,HNX
296,VIT,HNX
297,VLA,HNX
298,VMC,HNX
299,VMS,HNX
300,VNC,HNX
301,VNF,HNX
302,VNR,HNX
303,VNT,HNX
304,VSA,HNX
305,VSM,HNX
306,VTC,HNX
307,VTH,HNX
308,VTJ,HNX
309,VTV,HNX
310,VTZ,HNX
311,WCS,HNX
312,WSS,HNX
313,X20,HNX
1,A32,UPCoM
2,AAH,UPCoM
3,AAS,UPCoM
4,ABB,UPCoM
5,ABC,UPCoM
6,ABI,UPCoM
7,ABW,UPCoM
8,ACE,UPCoM
9,ACM,UPCoM
10,ACS,UPCoM
11,ACV,UPCoM
12,AFX,UPCoM
13,AG1,UPCoM
14,AGF,UPCoM
15,AGP,UPCoM
16,AGX,UPCoM
17,AIC,UPCoM
18,AIG,UPCoM
19,ALV,UPCoM
20,AMD,UPCoM
21,AMP,UPCoM
22,AMS,UPCoM
23,ANT,UPCoM
24,APC,UPCoM
25,APF,UPCoM
26,APL,UPCoM
27,APP,UPCoM
28,APT,UPCoM
29,ART,UPCoM
30,ASA,UPCoM
31,ATA,UPCoM
32,ATB,UPCoM
33,ATG,UPCoM
34,AVC,UPCoM
35,AVF,UPCoM
36,AVG,UPCoM
37,BAL,UPCoM
38,BBH,UPCoM
39,BBM,UPCoM
40,BBT,UPCoM
41,BCA,UPCoM
42,BCB,UPCoM
43,BCO,UPCoM
44,BCP,UPCoM
45,BCR,UPCoM
46,BCV,UPCoM
47,BDG,UPCoM
48,BDT,UPCoM
49,BDW,UPCoM
50,BEL,UPCoM
51,BGE,UPCoM
52,BGW,UPCoM
53,BHA,UPCoM
54,BHC,UPCoM
55,BHG,UPCoM
56,BHI,UPCoM
57,BHK,UPCoM
58,BHP,UPCoM
59,BIG,UPCoM
60,BII,UPCoM
61,BIO,UPCoM
62,BLF,UPCoM
63,BLI,UPCoM
64,BLN,UPCoM
65,BLT,UPCoM
66,BMD,UPCoM
67,BMF,UPCoM
68,BMG,UPCoM
69,BMJ,UPCoM
70,BMN,UPCoM
71,BMS,UPCoM
72,BMV,UPCoM
73,BNW,UPCoM
74,BOT,UPCoM
75,BQB,UPCoM
76,BRR,UPCoM
77,BRS,UPCoM
78,BSA,UPCoM
79,BSD,UPCoM
80,BSG,UPCoM
81,BSH,UPCoM
82,BSL,UPCoM
83,BSP,UPCoM
84,BSQ,UPCoM
85,BSR,UPCoM
86,BT1,UPCoM
87,BT6,UPCoM
88,BTB,UPCoM
89,BTD,UPCoM
90,BTG,UPCoM
91,BTH,UPCoM
92,BTN,UPCoM
93,BTU,UPCoM
94,BTV,UPCoM
95,BVB,UPCoM
96,BVG,UPCoM
97,BVL,UPCoM
98,BVN,UPCoM
99,BWA,UPCoM
100,BWS,UPCoM
101,C12,UPCoM
102,C21,UPCoM
103,C22,UPCoM
104,C4G,UPCoM
105,C92,UPCoM
106,CAB,UPCoM
107,CAD,UPCoM
108,CAT,UPCoM
109,CBI,UPCoM
110,CBS,UPCoM
111,CC1,UPCoM
112,CC4,UPCoM
113,CCA,UPCoM
114,CCC,UPCoM
115,CCM,UPCoM
116,CCP,UPCoM
117,CCT,UPCoM
118,CCV,UPCoM
119,CDG,UPCoM
120,CDH,UPCoM
121,CDO,UPCoM
122,CDP,UPCoM
123,CDR,UPCoM
124,CE1,UPCoM
125,CEG,UPCoM
126,CEN,UPCoM
127,CFM,UPCoM
128,CFV,UPCoM
129,CGV,UPCoM
130,CH5,UPCoM
131,CHC,UPCoM
132,CHS,UPCoM
133,CI5,UPCoM
134,CID,UPCoM
135,CIP,UPCoM
136,CK8,UPCoM
137,CKA,UPCoM
138,CKD,UPCoM
139,CLG,UPCoM
140,CLX,UPCoM
141,CMD,UPCoM
142,CMF,UPCoM
143,CMI,UPCoM
144,CMK,UPCoM
145,CMM,UPCoM
146,CMN,UPCoM
147,CMP,UPCoM
148,CMT,UPCoM
149,CMW,UPCoM
150,CNA,UPCoM
151,CNC,UPCoM
152,CNN,UPCoM
153,CNT,UPCoM
154,CPA,UPCoM
155,CPH,UPCoM
156,CPI,UPCoM
157,CQN,UPCoM
158,CQT,UPCoM
159,CSI,UPCoM
160,CST,UPCoM
161,CT3,UPCoM
162,CT6,UPCoM
163,CTA,UPCoM
164,CTN,UPCoM
165,CTW,UPCoM
166,CTX,UPCoM
167,CYC,UPCoM
168,D17,UPCoM
169,DAC,UPCoM
170,DAG,UPCoM
171,DAN,UPCoM
172,DAS,UPCoM
173,DBM,UPCoM
174,DC1,UPCoM
175,DCF,UPCoM
176,DCG,UPCoM
177,DCH,UPCoM
178,DCR,UPCoM
179,DCS,UPCoM
180,DCT,UPCoM
181,DDH,UPCoM
182,DDM,UPCoM
183,DDN,UPCoM
184,DDV,UPCoM
185,DFC,UPCoM
186,DFF,UPCoM
187,DGT,UPCoM
188,DHB,UPCoM
189,DHD,UPCoM
190,DHN,UPCoM
191,DIC,UPCoM
192,DID,UPCoM
193,DKC,UPCoM
194,DLD,UPCoM
195,DLR,UPCoM
196,DLT,UPCoM
197,DM7,UPCoM
198,DMN,UPCoM
199,DMS,UPCoM
200,DNA,UPCoM
201,DND,UPCoM
202,DNE,UPCoM
203,DNH,UPCoM
204,DNL,UPCoM
205,DNM,UPCoM
206,DNN,UPCoM
207,DNT,UPCoM
208,DNW,UPCoM
209,DOC,UPCoM
210,DOP,UPCoM
211,DP1,UPCoM
212,DP2,UPCoM
213,DPC,UPCoM
214,DPH,UPCoM
215,DPP,UPCoM
216,DPS,UPCoM
217,DRG,UPCoM
218,DRI,UPCoM
219,DSD,UPCoM
220,DSG,UPCoM
221,DSP,UPCoM
222,DTB,UPCoM
223,DTE,UPCoM
224,DTH,UPCoM
225,DTI,UPCoM
226,DTP,UPCoM
227,DUS,UPCoM
228,DVC,UPCoM
229,DVG,UPCoM
230,DVN,UPCoM
231,DVW,UPCoM
232,DWC,UPCoM
233,DWS,UPCoM
234,DXL,UPCoM
235,DZM,UPCoM
236,E12,UPCoM
237,E29,UPCoM
238,ECO,UPCoM
239,EFI,UPCoM
240,EIC,UPCoM
241,EIN,UPCoM
242,EME,UPCoM
243,EMG,UPCoM
244,EMS,UPCoM
245,EPC,UPCoM
246,EPH,UPCoM
247,FBA,UPCoM
248,FBC,UPCoM
249,FCC,UPCoM
250,FCS,UPCoM
251,FGL,UPCoM
252,FHN,UPCoM
253,FHS,UPCoM
254,FIC,UPCoM
255,FLC,UPCoM
256,FOC,UPCoM
257,FOX,UPCoM
258,FRC,UPCoM
259,FRM,UPCoM
260,FSO,UPCoM
261,FT1,UPCoM
262,FTI,UPCoM
263,FTM,UPCoM
264,G20,UPCoM
265,G36,UPCoM
266,GAB,UPCoM
267,GCB,UPCoM
268,GCF,UPCoM
269,GDA,UPCoM
270,GER,UPCoM
271,GGG,UPCoM
272,GH3,UPCoM
273,GHC,UPCoM
274,GLC,UPCoM
275,GLW,UPCoM
276,GND,UPCoM
277,GPC,UPCoM
278,GSM,UPCoM
279,GTD,UPCoM
280,GTS,UPCoM
281,GTT,UPCoM
282,GVT,UPCoM
283,H11,UPCoM
284,HAC,UPCoM
285,HAF,UPCoM
286,HAI,UPCoM
287,HAM,UPCoM
288,HAN,UPCoM
289,HAV,UPCoM
290,HBC,UPCoM
291,HBD,UPCoM
292,HBH,UPCoM
293,HC1,UPCoM
294,HC3,UPCoM
295,HCB,UPCoM
296,HCI,UPCoM
297,HD2,UPCoM
298,HD6,UPCoM
299,HD8,UPCoM
300,HDM,UPCoM
301,HDO,UPCoM
302,HDP,UPCoM
303,HDS,UPCoM
304,HDW,UPCoM
305,HEC,UPCoM
306,HEJ,UPCoM
307,HEP,UPCoM
308,HES,UPCoM
309,HFB,UPCoM
310,HFC,UPCoM
311,HFX,UPCoM
312,HGT,UPCoM
313,HHG,UPCoM
314,HHN,UPCoM
315,HIG,UPCoM
316,HIO,UPCoM
317,HJC,UPCoM
318,HKB,UPCoM
319,HLA,UPCoM
320,HLB,UPCoM
321,HLO,UPCoM
322,HLS,UPCoM
323,HLT,UPCoM
324,HLY,UPCoM
325,HMG,UPCoM
326,HMS,UPCoM
327,HNB,UPCoM
328,HND,UPCoM
329,HNF,UPCoM
330,HNG,UPCoM
331,HNI,UPCoM
332,HNM,UPCoM
333,HNP,UPCoM
334,HNR,UPCoM
335,HOT,UPCoM
336,HPB,UPCoM
337,HPD,UPCoM
338,HPH,UPCoM
339,HPI,UPCoM
340,HPM,UPCoM
341,HPP,UPCoM
342,HPT,UPCoM
343,HPW,UPCoM
344,HRB,UPCoM
345,HSA,UPCoM
346,HSI,UPCoM
347,HSM,UPCoM
348,HSP,UPCoM
349,HSV,UPCoM
350,HTE,UPCoM
351,HTM,UPCoM
352,HTP,UPCoM
353,HTT,UPCoM
354,HU3,UPCoM
355,HU4,UPCoM
356,HU6,UPCoM
357,HUG,UPCoM
358,HVA,UPCoM
359,HVG,UPCoM
360,HWS,UPCoM
361,IBC,UPCoM
362,IBD,UPCoM
363,ICC,UPCoM
364,ICF,UPCoM
365,ICI,UPCoM
366,ICN,UPCoM
367,IDP,UPCoM
368,IFS,UPCoM
369,IHK,UPCoM
370,ILA,UPCoM
371,ILC,UPCoM
372,ILS,UPCoM
373,IME,UPCoM
374,IN4,UPCoM
375,ING,UPCoM
376,IRC,UPCoM
377,ISG,UPCoM
378,ISH,UPCoM
379,IST,UPCoM
380,ITS,UPCoM
381,JOS,UPCoM
382,KAC,UPCoM
383,KCB,UPCoM
384,KCE,UPCoM
385,KGM,UPCoM
386,KHD,UPCoM
387,KHL,UPCoM
388,KHW,UPCoM
389,KIP,UPCoM
390,KLB,UPCoM
391,KLF,UPCoM
392,KSH,UPCoM
393,KTC,UPCoM
394,KTL,UPCoM
395,KTW,UPCoM
396,KVC,UPCoM
397,L12,UPCoM
398,L35,UPCoM
399,L43,UPCoM
400,L44,UPCoM
401,L45,UPCoM
402,L61,UPCoM
403,L62,UPCoM
404,L63,UPCoM
405,LAI,UPCoM
406,LAW,UPCoM
407,LCC,UPCoM
408,LCM,UPCoM
409,LCS,UPCoM
410,LDW,UPCoM
411,LG9,UPCoM
412,LGM,UPCoM
413,LIC,UPCoM
414,LKW,UPCoM
415,LLM,UPCoM
416,LM3,UPCoM
417,LM7,UPCoM
418,LMC,UPCoM
419,LMH,UPCoM
420,LMI,UPCoM
421,LNC,UPCoM
422,LO5,UPCoM
423,LPT,UPCoM
424,LQN,UPCoM
425,LSG,UPCoM
426,LTC,UPCoM
427,LTG,UPCoM
428,LUT,UPCoM
429,M10,UPCoM
430,MA1,UPCoM
431,MBN,UPCoM
432,MCG,UPCoM
433,MCH,UPCoM
434,MDA,UPCoM
435,MDF,UPCoM
436,MEC,UPCoM
437,MEF,UPCoM
438,MES,UPCoM
439,MFS,UPCoM
440,MGC,UPCoM
441,MGG,UPCoM
442,MGR,UPCoM
443,MH3,UPCoM
444,MHL,UPCoM
445,MIC,UPCoM
446,MIE,UPCoM
447,MIM,UPCoM
448,MKP,UPCoM
449,MLC,UPCoM
450,MLS,UPCoM
451,MML,UPCoM
452,MNB,UPCoM
453,MND,UPCoM
454,MPC,UPCoM
455,MPT,UPCoM
456,MPY,UPCoM
457,MQB,UPCoM
458,MQN,UPCoM
459,MRF,UPCoM
460,MSR,UPCoM
461,MTA,UPCoM
462,MTB,UPCoM
463,MTC,UPCoM
464,MTG,UPCoM
465,MTH,UPCoM
466,MTL,UPCoM
467,MTP,UPCoM
468,MTS,UPCoM
469,MTV,UPCoM
470,MTX,UPCoM
471,MVC,UPCoM
472,MVN,UPCoM
473,MZG,UPCoM
474,NAC,UPCoM
475,NAS,UPCoM
476,NAU,UPCoM
477,NAW,UPCoM
478,NBE,UPCoM
479,NBT,UPCoM
480,NCG,UPCoM
481,NCS,UPCoM
482,ND2,UPCoM
483,NDC,UPCoM
484,NDF,UPCoM
485,NDP,UPCoM
486,NDT,UPCoM
487,NDW,UPCoM
488,NED,UPCoM
489,NEM,UPCoM
490,NGC,UPCoM
491,NHP,UPCoM
492,NHV,UPCoM
493,NJC,UPCoM
494,NLS,UPCoM
495,NNT,UPCoM
496,NOS,UPCoM
497,NQB,UPCoM
498,NQN,UPCoM
499,NQT,UPCoM
500,NS2,UPCoM
501,NSG,UPCoM
502,NSL,UPCoM
503,NSS,UPCoM
504,NTB,UPCoM
505,NTC,UPCoM
506,NTF,UPCoM
507,NTT,UPCoM
508,NTW,UPCoM
509,NUE,UPCoM
510,NVP,UPCoM
511,NWT,UPCoM
512,NXT,UPCoM
513,ODE,UPCoM
514,OIL,UPCoM
515,ONW,UPCoM
516,PAI,UPCoM
517,PAP,UPCoM
518,PAS,UPCoM
519,PAT,UPCoM
520,PBC,UPCoM
521,PBT,UPCoM
522,PCC,UPCoM
523,PCF,UPCoM
524,PCM,UPCoM
525,PCN,UPCoM
526,PDC,UPCoM
527,PDV,UPCoM
528,PEC,UPCoM
529,PEG,UPCoM
530,PEQ,UPCoM
531,PFL,UPCoM
532,PGB,UPCoM
533,PHH,UPCoM
534,PHP,UPCoM
535,PHS,UPCoM
536,PID,UPCoM
537,PIS,UPCoM
538,PIV,UPCoM
539,PJS,UPCoM
540,PLA,UPCoM
541,PLE,UPCoM
542,PLO,UPCoM
543,PMJ,UPCoM
544,PMT,UPCoM
545,PMW,UPCoM
546,PND,UPCoM
547,PNG,UPCoM
548,PNP,UPCoM
549,PNT,UPCoM
550,POB,UPCoM
551,POM,UPCoM
552,POS,UPCoM
553,POV,UPCoM
554,PPH,UPCoM
555,PPI,UPCoM
556,PQN,UPCoM
557,PRO,UPCoM
558,PRT,UPCoM
559,PSB,UPCoM
560,PSG,UPCoM
561,PSL,UPCoM
562,PSN,UPCoM
563,PSP,UPCoM
564,PTE,UPCoM
565,PTG,UPCoM
566,PTH,UPCoM
567,PTO,UPCoM
568,PTP,UPCoM
569,PTT,UPCoM
570,PTV,UPCoM
571,PVA,UPCoM
572,PVE,UPCoM
573,PVH,UPCoM
574,PVL,UPCoM
575,PVM,UPCoM
576,PVO,UPCoM
577,PVR,UPCoM
578,PVV,UPCoM
579,PVX,UPCoM
580,PVY,UPCoM
581,PWA,UPCoM
582,PWS,UPCoM
583,PX1,UPCoM
584,PXA,UPCoM
585,PXC,UPCoM
586,PXI,UPCoM
587,PXL,UPCoM
588,PXM,UPCoM
589,PXS,UPCoM
590,PXT,UPCoM
591,QBS,UPCoM
592,QCC,UPCoM
593,QHW,UPCoM
594,QNC,UPCoM
595,QNS,UPCoM
596,QNT,UPCoM
597,QNU,UPCoM
598,QNW,UPCoM
599,QPH,UPCoM
600,QSP,UPCoM
601,QTP,UPCoM
602,RAT,UPCoM
603,RBC,UPCoM
604,RCC,UPCoM
605,RCD,UPCoM
606,RIC,UPCoM
607,RTB,UPCoM
608,S12,UPCoM
609,S27,UPCoM
610,S72,UPCoM
611,S74,UPCoM
612,S96,UPCoM
613,SAC,UPCoM
614,SAL,UPCoM
615,SAP,UPCoM
616,SAS,UPCoM
617,SB1,UPCoM
618,SBB,UPCoM
619,SBD,UPCoM
620,SBH,UPCoM
621,SBL,UPCoM
622,SBM,UPCoM
623,SBR,UPCoM
624,SBS,UPCoM
625,SCC,UPCoM
626,SCD,UPCoM
627,SCJ,UPCoM
628,SCL,UPCoM
629,SCO,UPCoM
630,SCY,UPCoM
631,SD1,UPCoM
632,SD2,UPCoM
633,SD3,UPCoM
634,SD4,UPCoM
635,SD6,UPCoM
636,SD7,UPCoM
637,SD8,UPCoM
638,SDB,UPCoM
639,SDD,UPCoM
640,SDJ,UPCoM
641,SDK,UPCoM
642,SDP,UPCoM
643,SDT,UPCoM
644,SDV,UPCoM
645,SDX,UPCoM
646,SDY,UPCoM
647,SEA,UPCoM
648,SEP,UPCoM
649,SGB,UPCoM
650,SGI,UPCoM
651,SGP,UPCoM
652,SGS,UPCoM
653,SHC,UPCoM
654,SHG,UPCoM
655,SID,UPCoM
656,SIG,UPCoM
657,SII,UPCoM
658,SIV,UPCoM
659,SJC,UPCoM
660,SJF,UPCoM
661,SJG,UPCoM
662,SJM,UPCoM
663,SKH,UPCoM
664,SKN,UPCoM
665,SKV,UPCoM
666,SNC,UPCoM
667,SNZ,UPCoM
668,SP2,UPCoM
669,SPB,UPCoM
670,SPD,UPCoM
671,SPH,UPCoM
672,SPV,UPCoM
673,SQC,UPCoM
674,SRB,UPCoM
675,SSF,UPCoM
676,SSG,UPCoM
677,SSH,UPCoM
678,SSN,UPCoM
679,STH,UPCoM
680,STL,UPCoM
681,STS,UPCoM
682,STT,UPCoM
683,STW,UPCoM
684,SVG,UPCoM
685,SVH,UPCoM
686,SWC,UPCoM
687,SZE,UPCoM
688,SZG,UPCoM
689,TA6,UPCoM
690,TAB,UPCoM
691,TAL,UPCoM
692,TAN,UPCoM
693,TAR,UPCoM
694,TAW,UPCoM
695,TB8,UPCoM
696,TBD,UPCoM
697,TBH,UPCoM
698,TBR,UPCoM
699,TBT,UPCoM
700,TBW,UPCoM
701,TCJ,UPCoM
702,TCK,UPCoM
703,TCW,UPCoM
704,TDB,UPCoM
705,TDF,UPCoM
706,TDS,UPCoM
707,TED,UPCoM
708,TEL,UPCoM
709,TGG,UPCoM
710,TGP,UPCoM
711,TH1,UPCoM
712,THM,UPCoM
713,THN,UPCoM
714,THP,UPCoM
715,THU,UPCoM
716,THW,UPCoM
717,TID,UPCoM
718,TIE,UPCoM
719,TIN,UPCoM
720,TIS,UPCoM
721,TKA,UPCoM
722,TKC,UPCoM
723,TL4,UPCoM
724,TLI,UPCoM
725,TLP,UPCoM
726,TLT,UPCoM
727,TMG,UPCoM
728,TMW,UPCoM
729,TNA,UPCoM
730,TNB,UPCoM
731,TNM,UPCoM
732,TNP,UPCoM
733,TNS,UPCoM
734,TNV,UPCoM
735,TNW,UPCoM
736,TOP,UPCoM
737,TOS,UPCoM
738,TOW,UPCoM
739,TPS,UPCoM
740,TQN,UPCoM
741,TQW,UPCoM
742,TR1,UPCoM
743,TRS,UPCoM
744,TRT,UPCoM
745,TS3,UPCoM
746,TS4,UPCoM
747,TSA,UPCoM
748,TSD,UPCoM
749,TSG,UPCoM
750,TSJ,UPCoM
751,TST,UPCoM
752,TT6,UPCoM
753,TTB,UPCoM
754,TTD,UPCoM
755,TTG,UPCoM
756,TTN,UPCoM
757,TTP,UPCoM
758,TTS,UPCoM
759,TTZ,UPCoM
760,TUG,UPCoM
761,TV1,UPCoM
762,TV6,UPCoM
763,TVA,UPCoM
764,TVG,UPCoM
765,TVH,UPCoM
766,TVM,UPCoM
767,TVN,UPCoM
768,TW3,UPCoM
769,UCT,UPCoM
770,UDC,UPCoM
771,UDJ,UPCoM
772,UDL,UPCoM
773,UEM,UPCoM
774,UMC,UPCoM
775,UPC,UPCoM
776,UPH,UPCoM
777,USC,UPCoM
778,USD,UPCoM
779,V11,UPCoM
780,V15,UPCoM
781,VAB,UPCoM
782,VAV,UPCoM
783,VBB,UPCoM
784,VBG,UPCoM
785,VBH,UPCoM
786,VC5,UPCoM
787,VCE,UPCoM
788,VCP,UPCoM
789,VCR,UPCoM
790,VCT,UPCoM
791,VCW,UPCoM
792,VCX,UPCoM
793,VDB,UPCoM
794,VDG,UPCoM
795,VDN,UPCoM
796,VDT,UPCoM
797,VE2,UPCoM
798,VE9,UPCoM
799,VEA,UPCoM
800,VEC,UPCoM
801,VEF,UPCoM
802,VES,UPCoM
803,VET,UPCoM
804,VFC,UPCoM
805,VFR,UPCoM
806,VGG,UPCoM
807,VGI,UPCoM
808,VGL,UPCoM
809,VGR,UPCoM
810,VGT,UPCoM
811,VGV,UPCoM
812,VHD,UPCoM
813,VHF,UPCoM
814,VHG,UPCoM
815,VHH,UPCoM
816,VIE,UPCoM
817,VIH,UPCoM
818,VIM,UPCoM
819,VIN,UPCoM
820,VIR,UPCoM
821,VIW,UPCoM
822,VKC,UPCoM
823,VKP,UPCoM
824,VLB,UPCoM
825,VLC,UPCoM
826,VLF,UPCoM
827,VLG,UPCoM
828,VLP,UPCoM
829,VLW,UPCoM
830,VMA,UPCoM
831,VMG,UPCoM
832,VMK,UPCoM
833,VMT,UPCoM
834,VNA,UPCoM
835,VNB,UPCoM
836,VNH,UPCoM
837,VNI,UPCoM
838,VNP,UPCoM
839,VNX,UPCoM
840,VNY,UPCoM
841,VNZ,UPCoM
842,VOC,UPCoM
843,VPA,UPCoM
844,VPC,UPCoM
845,VPR,UPCoM
846,VPW,UPCoM
847,VQC,UPCoM
848,VRG,UPCoM
849,VSE,UPCoM
850,VSF,UPCoM
851,VSG,UPCoM
852,VSN,UPCoM
853,VST,UPCoM
854,VTA,UPCoM
855,VTD,UPCoM
856,VTE,UPCoM
857,VTG,UPCoM
858,VTI,UPCoM
859,VTK,UPCoM
860,VTL,UPCoM
861,VTM,UPCoM
862,VTQ,UPCoM
863,VTR,UPCoM
864,VTS,UPCoM
865,VTX,UPCoM
866,VUA,UPCoM
867,VVN,UPCoM
868,VVS,UPCoM
869,VW3,UPCoM
870,VWS,UPCoM
871,VXB,UPCoM
872,VXP,UPCoM
873,VXT,UPCoM
874,WSB,UPCoM
875,WTC,UPCoM
876,X26,UPCoM
877,X77,UPCoM
878,XDH,UPCoM
879,XHC,UPCoM
880,XLV,UPCoM
881,XMC,UPCoM
882,XMD,UPCoM
883,XMP,UPCoM
884,XPH,UPCoM
885,YBC,UPCoM
886,YTC,UPCoM
